{
  "hash": "3d7f7260",
  "configHash": "92331f00",
  "lockfileHash": "08f6e9a6",
  "browserHash": "cd5d15aa",
  "optimized": {
    "@angular/common": {
      "src": "../../../../../node_modules/@angular/common/fesm2022/common.mjs",
      "file": "@angular_common.js",
      "fileHash": "88de69a0",
      "needsInterop": false
    },
    "@angular/common/http": {
      "src": "../../../../../node_modules/@angular/common/fesm2022/http.mjs",
      "file": "@angular_common_http.js",
      "fileHash": "4439ba16",
      "needsInterop": false
    },
    "@angular/core": {
      "src": "../../../../../node_modules/@angular/core/fesm2022/core.mjs",
      "file": "@angular_core.js",
      "fileHash": "2a18b514",
      "needsInterop": false
    },
    "@angular/forms": {
      "src": "../../../../../node_modules/@angular/forms/fesm2022/forms.mjs",
      "file": "@angular_forms.js",
      "fileHash": "83ed1bce",
      "needsInterop": false
    },
    "@angular/platform-browser": {
      "src": "../../../../../node_modules/@angular/platform-browser/fesm2022/platform-browser.mjs",
      "file": "@angular_platform-browser.js",
      "fileHash": "22580a0e",
      "needsInterop": false
    },
    "@angular/router": {
      "src": "../../../../../node_modules/@angular/router/fesm2022/router.mjs",
      "file": "@angular_router.js",
      "fileHash": "82363389",
      "needsInterop": false
    },
    "rxjs/operators": {
      "src": "../../../../../node_modules/rxjs/dist/esm5/operators/index.js",
      "file": "rxjs_operators.js",
      "fileHash": "bf71f7ab",
      "needsInterop": false
    },
    "sweetalert2": {
      "src": "../../../../../node_modules/sweetalert2/dist/sweetalert2.all.js",
      "file": "sweetalert2.js",
      "fileHash": "eac7bd67",
      "needsInterop": true
    }
  },
  "chunks": {
    "chunk-BYRBZM2Z": {
      "file": "chunk-BYRBZM2Z.js"
    },
    "chunk-LV2YZKMD": {
      "file": "chunk-LV2YZKMD.js"
    },
    "chunk-KV42SYKR": {
      "file": "chunk-KV42SYKR.js"
    },
    "chunk-HAKZMGQT": {
      "file": "chunk-HAKZMGQT.js"
    },
    "chunk-LGU3RXIR": {
      "file": "chunk-LGU3RXIR.js"
    },
    "chunk-WKYGNSYM": {
      "file": "chunk-WKYGNSYM.js"
    }
  }
}